cluster_id,airq_delta_15min,light_delta_15min,sound_std_5min,temp_delta_15min
0,0.0,4.1834602619504775,1.970191809132537,0.235814814814815
1,0.0,-0.9750868520611159,0.36652385355030437,-0.0037437763713080137
2,0.0,11.016816864524495,2.304589433509099,-0.023702145214521454
