StateID,SoundVar,LightChg
0,2.6703399646678294,0.24742717602900668
1,-0.2724836698640644,-0.025247671023368026
