StateID,SoundVar,LightChg
0,2.704158396695206,6.9592526977594895
1,0.35975840073544274,-0.34078042328042335
