k,silhouette,inertia,min_size,max_size,rejected,reason
2,0.7561600553650106,5538.048275305853,405,3969,False,
3,0.7705603293282209,3715.3654363750093,43,3941,True,Min Cluster < 131
4,0.792536646635748,2081.221666620949,39,3909,True,Min Cluster < 131
5,0.7360077966550382,1492.0667778928098,36,3752,True,Min Cluster < 131
6,0.7168084317822451,1233.5609369096937,36,3637,True,Min Cluster < 131
7,0.730149793723237,999.3307782846971,31,3537,True,Min Cluster < 131
8,0.7150489240237135,803.693740000995,31,3431,True,Min Cluster < 131
9,0.5521517528715115,685.3454102670934,32,2424,True,Min Cluster < 131
10,0.5453536312075009,622.7792241624074,31,2300,True,Min Cluster < 131
