StateID,SoundVar,LightChg,TempDelta
0,0.4764563251483723,-0.13687950617283892,-0.00027209876543209804
1,1.7387024452089204,0.24249999999999852,0.08679999999999981
