k,sil_mean,sil_std,ari_mean,min_sz_min,valid,score
2,0.701068002827409,0.00235527606819117,0.9873147250708068,24,True,0.7986218373003942
3,0.725009374961253,1.1102230246251565e-16,1.0,0,False,0.8250093749612529
4,0.7499149069759004,1.1102230246251565e-16,1.0,0,False,0.8499149069759003
5,0.7165717800820831,0.0011876592790793451,0.9972748452145523,0,False,0.8157054349639987
6,0.5991446019105229,0.010113501131201862,0.9694110856650129,0,False,0.6910289599114232
7,0.6159035784611996,3.088407745587274e-05,0.9982361123704167,0,False,0.7157117476595133
8,0.4947697091220894,0.060671750940196736,0.7281377480968543,0,False,0.5372476084616764
9,0.4275007405830348,0.02411879303044144,0.8422729946227722,0,False,0.4996686435300913
10,0.4211930118706288,0.03928109203211988,0.7586298372915454,0,False,0.4774154495837234
