StateID,SoundVar,LightChg
0,0.31032347485441786,-0.3445697399527189
1,2.4494814161868503,10.327060897435896
