k,silhouette,inertia,min_size,rejected,reason
2,0.7886874244153221,965.09829303218,78,False,
3,0.7886045882652023,616.4353754493854,2,True,Min Cluster < 23
4,0.8032863125604105,446.83429086080696,2,True,Min Cluster < 23
5,0.8114431788156993,324.4827807780072,2,True,Min Cluster < 23
6,0.8026907508422133,239.3123860666402,2,True,Min Cluster < 23
7,0.7222653798525802,198.93056746828117,2,True,Min Cluster < 23
8,0.7468158802962253,158.56649020434006,2,True,Min Cluster < 23
9,0.7603110143237515,119.68257492407946,2,True,Min Cluster < 23
10,0.6352019122290399,101.8555172496929,2,True,Min Cluster < 23
