StateID,SoundVar,LightChg,TempDelta
0,0.44644248296010935,-0.5202369983205745,-0.0005948255114320154
1,2.219629798859927,1.8431801204819311,0.025518072289156663
