k,sil_mean,sil_std,ari_mean,min_sz_min,valid,score
2,0.6810372745479291,0.00029116680967273824,0.9985918637918546,83,True,0.7807508775222781
3,0.7003678426859675,0.0010663823432588094,0.9956108718199902,0,False,0.7993957386963371
4,0.7113716939420047,0.001296162246214167,0.9850266807401175,0,False,0.8092262808929094
5,0.7187947751661177,0.0004914628121413855,0.9945212990064934,0,False,0.8180011736606964
6,0.7099524940254598,0.0009971214992374412,0.9929024353977866,0,False,0.8087441768156197
7,0.6602918213885574,0.001360038965366985,0.9717723961184566,0,False,0.7567890415177195
8,0.42650790343413886,0.053313218492977606,0.7987924211195263,0,False,0.47973053629960266
9,0.5047120529699031,0.00991301499966135,0.9343229585833557,0,False,0.593187841328408
10,0.48866574958859904,0.07211247948963825,0.7098267153351734,0,False,0.5235921813772972
